Packet Size,Duration,Flow Rate,Source Port,Destination Port,Protocol,Attack Type
1166,7.109813835888647,317.5996947319494,62219,18437,UDP,Normal
1499,1.9958697664558593,952.8022478485342,37045,49138,TCP,Normal
900,7.362735589801184,825.2182473388266,55155,60524,TCP,Normal
1334,5.298870391787986,666.3402551464562,25111,20002,ICMP,Normal
1170,7.072593726348801,121.84973493416226,13852,57382,UDP,Normal
1135,7.678027234926946,478.28619964576745,62634,1685,ICMP,Normal
1084,0.8738145057171648,506.1569440912662,32152,36264,UDP,Normal
161,5.061533459637111,232.62810322954354,59107,28277,ICMP,Normal
506,9.320211408227085,80.05739781986601,2425,27908,UDP,Normal
1278,3.207101279402983,776.7459581086455,20667,33878,ICMP,Normal
370,5.939237092481431,122.12284861918258,16217,11728,TCP,Normal
127,3.6929355846174516,594.3313214867186,27877,40011,UDP,Normal
1436,4.543225454218778,936.4555289662721,45888,64982,UDP,Normal
1163,5.486482576263595,876.1175820787828,21331,25551,TCP,Normal
911,5.4896708769098845,277.8248484868862,38006,17346,ICMP,Normal
170,2.018102892840028,851.4634926875102,20635,48541,UDP,Normal
1372,6.846030907250454,0.43247286987735745,44815,7992,UDP,Normal
809,0.8795932443153255,17.786040832295896,12974,28542,ICMP,Normal
383,1.3891089096467617,602.5929085264806,11728,52949,TCP,Normal
1477,0.028106283,364.86173932261505,44135,60872,ICMP,Normal
845,1.1678439453526714,386.5221950750312,12891,47388,ICMP,Normal
425,4.732188844317871,564.4846465698146,3769,28910,ICMP,Normal
1255,6.061412708677331,191.86327734630137,56267,2724,UDP,Normal
995,7.943100210214658,211.83417513041178,4890,29270,TCP,Normal
316,1.0678858018842472,484.6531268601628,33269,36492,TCP,Normal
1224,8.507423873,754.2781189894287,45748,24223,ICMP,Normal
499,7.459999280961633,619.5358016324469,64169,45613,UDP,Normal
1377,4.085774411066233,297.42531273201524,6842,33139,ICMP,Normal
61,9.329447732932447,430.39414379117034,52398,62958,UDP,Normal
292,9.909303835097448,170.7476920741434,49885,51823,UDP,Normal
787,2.0508130987223194,74.72235136,52968,56214,UDP,Normal
896,3.7929066210530404,782.7177711400748,60065,55340,UDP,Normal
514,9.264567786473522,265.4608704472758,31140,6544,TCP,Normal
1122,7.216243910962021,177.84861121246308,16517,45302,UDP,Normal
550,0.48189834499691286,691.6488937637624,29062,37479,UDP,Normal
739,7.815363303032399,618.0898691197573,21471,50772,ICMP,Normal
1015,8.279580930887741,633.2263070508627,31455,21953,ICMP,Normal
229,7.505268745728371,228.97171538612895,18932,58852,TCP,Normal
997,7.995571772064237,232.7222740088247,30360,42629,ICMP,Normal
726,8.251501634,220.88054952266057,42016,15979,UDP,Normal
997,1.8648634628946528,173.83522040272825,56374,45073,ICMP,Normal
602,2.3576817689039324,655.7581001944002,5049,14941,TCP,Normal
1307,6.337951878638053,848.0310836608764,52742,5781,ICMP,Normal
871,9.078753438494697,724.3450379296936,52979,14069,ICMP,Normal
1194,3.162649626,792.1144243971671,62264,54560,TCP,Normal
686,5.883478451274772,404.8579492422913,21117,42704,TCP,Normal
60,6.830137652107908,654.1103877924609,7179,5757,UDP,Normal
880,4.520034064389094,354.30081682073006,47631,31978,ICMP,Normal
206,7.138110766098405,525.5520715064431,34511,32159,UDP,Normal
1337,8.996774785,481.68668305020884,48682,8105,ICMP,Normal
427,6.241391340274195,176.9694564,56692,42482,ICMP,Normal
640,5.398270838084416,387.14005245959726,21987,24525,UDP,Normal
355,4.3880080092080025,963.8258932548027,51148,22137,ICMP,Normal
53,5.775285222790352,248.65539968917057,53894,35465,ICMP,Normal
281,3.5542691557321406,133.89035590586076,57571,48110,ICMP,Normal
816,3.9154296199048177,418.6387635617729,65134,61435,TCP,Normal
1409,5.319042939402053,790.3587020865621,54578,25714,UDP,Normal
604,0.6671245047957789,582.1900149569943,21960,44963,TCP,Normal
937,2.291024883857039,681.0067297555207,52383,30369,UDP,Normal
1403,5.428950256823477,189.77587868985972,5450,60104,UDP,Normal
131,4.315849903,618.9862981884207,24327,47337,ICMP,Normal
1430,3.3288250433389304,323.56804487198264,46304,45595,UDP,Normal
995,7.305760818956206,834.3199356,28630,57354,TCP,Normal
1491,6.937482356425981,629.3358761301351,48856,27853,TCP,Normal
548,1.6681408691738382,198.93639214751838,29175,36086,TCP,Normal
815,8.786412524619008,64.71021817610173,14791,4654,UDP,Normal
74,4.954740840413253,42.728945966104035,12332,48885,TCP,Normal
245,7.414867650479316,371.47142679337577,45269,32894,UDP,Normal
1144,5.731935342,265.92455154064805,63546,50322,TCP,Normal
1451,9.976928466622509,646.1255144501619,59011,48245,TCP,Normal
1065,7.524278797268189,499.38390159512045,46695,45966,UDP,Normal
1061,7.070097631973348,266.0926760775802,25794,4477,TCP,Normal
1453,7.785940819,149.32285417238108,29596,38299,ICMP,Normal
605,1.4321367274991477,127.28704271118083,42472,55959,UDP,Normal
1169,2.046241387101463,864.6739261012036,3228,57927,UDP,Normal
742,7.140926758153919,243.55362060802673,28257,44394,UDP,Normal
441,4.940320889821496,651.7454768461772,22753,39420,ICMP,Normal
769,7.546598283309306,810.7048593934676,32155,9352,UDP,Normal
201,1.0300573914107058,614.1199030536176,53452,16558,TCP,Normal
241,5.365277033494464,859.5792751,34894,20768,TCP,Normal
1035,3.7888368340036003,392.45448215632166,39035,20413,TCP,Normal
309,4.5705451925975025,956.2265684298834,40406,37344,UDP,Normal
855,6.039974762853054,133.23168967767913,50091,50194,TCP,Normal
1334,5.023381186,102.23931470457234,59609,36034,UDP,Normal
495,5.399066510491255,658.7262769928228,42499,15689,TCP,Normal
1315,4.864088462474083,942.8368582991204,47705,64423,ICMP,Normal
1056,4.090142815677847,808.9025732901645,22631,56494,ICMP,Normal
335,7.7190479240018535,76.50921775210762,25992,38889,ICMP,Normal
759,0.12301852010812712,279.4397771633229,34422,9664,ICMP,Normal
377,5.984828569351066,930.3258529493398,12932,35740,UDP,Normal
918,5.655517964882416,253.13312695750446,27447,26545,TCP,Normal
1116,7.1620745682547895,781.1923067445406,44639,31073,ICMP,Normal
831,5.990694618408488,825.1496827,10195,6642,UDP,Normal
256,8.268161479262973,495.5025582506357,13745,38028,ICMP,Normal
803,9.590788870845714,386.41027495733067,61770,57077,ICMP,Normal
227,3.4259000475282555,450.1794199765177,62239,2944,UDP,Normal
419,2.2742824793168404,227.0419978959276,56859,44961,UDP,Normal
532,4.236545027342409,889.4019770372314,50453,5212,TCP,Normal
1104,2.8800082351407856,450.67459476408493,17640,13231,TCP,Normal
1220,6.149887681263392,882.4711945120542,43536,1262,ICMP,Normal
54,9.118612236020804,105.78291055828346,39482,33996,ICMP,Normal
104,1.3920228252364755,988.2764434730313,47193,11823,TCP,Normal
560,1.008845235555849,443.3287601348739,8683,6576,TCP,Normal
1407,2.5608993030047684,47.92603731206606,61638,29940,UDP,Normal
1192,7.261229765037946,38.11804605263117,44393,5951,TCP,Normal
687,5.930036089682957,746.2326367560904,12728,28988,TCP,Normal
1126,1.0230244295877706,659.0696306502604,33817,12188,ICMP,Normal
1202,9.187586472085204,802.1503450717747,49176,38182,TCP,Normal
632,7.901056286603744,105.45699719941067,47497,20095,ICMP,Normal
431,0.2312030252715875,35.667309948844796,32250,55127,TCP,Normal
458,6.514020742671474,508.6284315186337,24876,49433,UDP,Normal
328,7.712695438528861,387.6564719596213,33106,7184,TCP,Normal
418,3.7449792618344997,462.00074197728867,23818,62534,TCP,Normal
270,0.6901464721328207,991.58925,42444,55564,TCP,Normal
1057,0.7741333338223838,970.7528826749032,53940,59716,ICMP,Normal
80,1.0433654135520432,942.3211581342255,56775,62768,UDP,Normal
1091,8.404555880172248,783.8642924999971,61799,16834,TCP,Normal
174,9.106951296358876,354.9058761208647,14403,6150,ICMP,Normal
240,1.2289850076754922,412.18971716974534,55278,31033,UDP,Normal
819,2.359824439916217,549.6610821145526,8030,34608,ICMP,Normal
969,1.6560395831625303,830.5514029591994,53659,47206,ICMP,Normal
1096,1.8640224740617126,68.80596123501593,52170,26420,UDP,Normal
1111,8.375070399235918,424.3544561962996,9706,1216,TCP,Normal
542,3.3221319801367346,82.70940169292275,34864,51952,ICMP,Normal
446,3.1151311961923662,514.7061208148542,33454,37437,ICMP,Normal
844,2.274728813150249,898.9109339238348,24115,13840,TCP,Normal
138,6.0793360435487935,782.5066760714815,61541,40106,TCP,Normal
723,3.793677678157103,227.91963330135565,34007,58618,UDP,Normal
765,7.442752268781046,975.9932505138325,25013,51964,UDP,Normal
1000,2.0565925039479995,667.3836630066237,10939,33154,UDP,Normal
652,7.878111097256211,10.526656627463327,43576,41166,TCP,Normal
682,6.037611596,255.4879433,20014,65052,ICMP,Normal
1068,1.1435587332568218,260.78722858992455,25758,37492,ICMP,Normal
1281,4.145631337452074,69.34738085523134,15848,31722,UDP,Normal
542,8.635317887988956,959.8305354241214,54957,11679,TCP,Normal
806,9.229679358,478.30746904646617,37105,48921,ICMP,Normal
437,4.657535523065814,895.8250159121447,12057,31099,UDP,Normal
910,4.808888943912647,322.2832818942839,43760,10383,ICMP,Normal
834,9.184628794668072,125.32104707578384,17265,64536,ICMP,Normal
432,5.871095173141536,474.38867629522326,60420,37685,TCP,Normal
246,0.329433856,114.04523905084572,57939,40603,TCP,Normal
1078,9.127581879328408,486.06690142724216,6963,43080,ICMP,Normal
931,2.4830162011287618,920.3051515012858,48488,52855,UDP,Normal
903,5.776741908961381,520.8160650200293,48586,60215,TCP,Normal
782,1.6559676609623102,616.5380769,36087,54080,ICMP,Normal
1304,0.3397577233057033,156.7227731301109,55861,57436,TCP,Normal
603,3.1154202381564415,43.83125231738149,35488,34296,TCP,Normal
1060,7.805176579753331,110.89688138358905,12209,43605,TCP,Normal
135,2.776594139121552,598.5717225267972,28069,15695,ICMP,Normal
524,2.2017520435968896,95.10219782240543,52122,28072,UDP,Normal
1470,2.1275951626279217,376.0552906523173,45793,11762,UDP,Normal
270,5.152221650385719,550.1369312641102,48142,26987,UDP,Normal
788,9.755437616,388.7139333499841,20191,44978,TCP,Normal
1234,4.590430891182114,163.76743308515495,37436,7797,ICMP,Normal
580,5.573496383531589,273.86392838335513,22649,37608,TCP,Normal
1099,8.606459546889448,928.3247010952921,40212,30918,UDP,Normal
564,5.351162119617653,676.0146773587968,64045,1741,UDP,Normal
1223,1.845444251317142,496.0982338960186,28100,12700,ICMP,Normal
1306,2.996659521753004,12.813618497894828,57733,5458,TCP,Normal
1149,3.100059325759841,992.4161589494213,45629,50834,UDP,Normal
617,3.9737838364605214,671.4877894011538,20053,38849,ICMP,Normal
721,4.2684622644621575,316.99078509721045,23997,54184,TCP,Normal
596,7.998020439,879.2807331318385,40145,30124,TCP,Normal
1052,3.494520603494281,258.50577712978895,32457,6018,UDP,Normal
685,4.682850052585352,544.0621775248334,44333,5258,UDP,Normal
835,6.250134894523472,636.1071566534521,2956,4788,TCP,Normal
1091,3.777881748454253,221.14126511658307,45278,44973,TCP,Normal
1403,8.365811568110036,978.3994390727158,2781,38429,UDP,Normal
1394,5.874948589,748.2170867883997,31746,35896,TCP,Normal
1411,2.9411527475304946,557.8574441885188,38877,43239,UDP,Normal
1294,7.140877938698493,180.67653871548333,39429,24209,TCP,Normal
229,5.276949653717714,53.95282117732632,2140,44466,UDP,Normal
1288,5.345024456681212,320.1278265377314,44551,58751,ICMP,Normal
1448,4.811398395927473,753.2120171798115,12715,52783,UDP,Normal
1440,4.970622476263669,269.4043651721949,1516,42177,UDP,Normal
1346,7.653797454381341,539.6022648734556,28906,13023,ICMP,Normal
672,1.0307118118338239,727.9743820130701,9835,37511,TCP,Normal
667,3.3442937502935113,108.0329202749997,28832,3605,ICMP,Normal
1012,0.7559581346750884,685.3294863142618,25296,52741,UDP,Normal
1322,7.532708961253761,91.96170062127369,29423,3787,TCP,Normal
1422,2.7237462453482744,965.1332291527839,7498,28398,ICMP,Normal
749,8.974406667779023,488.44529065193313,27980,56504,TCP,Normal
1474,5.266258088126279,150.7610400991064,48177,39783,TCP,Normal
688,8.007696965089725,342.44939766994315,43530,11555,ICMP,Normal
357,9.789335424723996,413.47510765033195,55134,53582,TCP,Normal
1288,8.398048806,758.2091925754297,15003,26331,ICMP,Normal
1297,8.670070606355223,743.4494436980017,45547,31859,UDP,Normal
723,4.080436969153083,611.9793112867973,43589,12088,TCP,Normal
703,5.517674229998139,106.0201194872371,29352,12336,UDP,Normal
1437,2.5396317518689995,151.6542146505148,48399,38572,UDP,Normal
1296,1.9619348838348347,93.84754495349206,13891,37969,TCP,Normal
1176,5.055573283181232,577.2150660092213,60258,48961,ICMP,Normal
481,5.950894748024506,877.1507276672528,26875,7500,TCP,Normal
603,3.3933731877160134,433.8571322035463,32303,52780,UDP,Normal
1331,5.694865734117241,160.93208914035043,52919,25589,UDP,Normal
1449,8.874717364652517,558.0865209164522,31551,3406,ICMP,Normal
1450,5.567659126248878,811.7710416440233,8890,50707,TCP,Normal
1176,7.208410150008756,741.7378903067787,16473,23487,UDP,Normal
991,8.053344358611692,881.4626345970539,11709,46300,UDP,Normal
1144,9.887299090772473,277.97430703914296,24568,34426,UDP,Normal
738,6.032370824,194.03447188104806,6475,27369,ICMP,DoS
152,8.068694639476897,879.8285042933445,22666,45788,UDP,DoS
41,9.626530536230192,657.5945567467453,42340,27970,UDP,DoS
681,9.444152846047157,310.9978371145534,64088,15186,TCP,DoS
259,1.4116774059283579,742.3738157674519,64785,50178,TCP,DoS
894,4.064516690426947,815.1368726419198,40978,47797,UDP,DoS
1288,3.2405766210068894,615.0167425170982,39894,9421,UDP,DoS
424,0.8701632244885429,687.9153214689271,32054,23359,TCP,DoS
1466,6.332774508334695,375.3223784522221,59237,46119,ICMP,DoS
1193,7.359310227346828,538.7417977763048,59253,15418,ICMP,DoS
1116,8.481432826573368,524.2067548090896,60369,65462,ICMP,DoS
769,1.2286461197374223,848.0629863516588,31897,28221,ICMP,DoS
1479,8.764564314677063,839.9799838841543,63877,63107,ICMP,DoS
286,6.429612710578919,832.6972013001085,59651,23034,ICMP,DoS
875,7.039757405249957,11.130511101039547,1643,25147,ICMP,DoS
242,9.106329411399498,749.5705299204413,34674,23411,ICMP,DoS
1247,6.247987949161468,758.7005224719937,26396,3914,TCP,DoS
162,3.359322705641201,678.4109849728563,4666,28793,ICMP,DoS
440,8.251248206895175,756.2890314256634,64636,44650,ICMP,DoS
806,3.631229063,841.9861745,29025,56415,ICMP,DoS
333,0.34324688009447074,470.3720221963755,35088,9050,UDP,DoS
319,8.306714411145933,502.1000084670983,30314,4330,TCP,DoS
923,3.4525762566678746,124.80158550569934,15146,34689,TCP,DoS
237,7.738571397490202,385.4373454590571,25844,10301,TCP,DoS
1021,3.6282161887647884,643.4008433937931,3919,43263,ICMP,DoS
791,8.610819131727242,780.4217361696598,56769,48688,ICMP,DoS
183,2.1958857402845062,217.28737678144142,51105,49032,UDP,DoS
648,9.745498105,137.90911686931946,6390,15707,TCP,DoS
1264,7.797807989105521,663.0757003000422,9735,1694,ICMP,DoS
1187,1.143265021278048,1.9796955365581506,20620,24699,TCP,DoS
226,5.658200423045639,178.4547470488991,19817,18913,UDP,DoS
1389,9.853687755105105,29.16847320591934,9223,56636,UDP,DoS
503,4.711183461485451,166.96842934308543,11741,45559,UDP,DoS
1412,1.8218892810770109,181.40114799751268,37215,14030,TCP,DoS
699,4.848298893136312,387.7348273909192,11235,55343,ICMP,DoS
803,5.125064101163335,402.3868919740873,46574,49560,ICMP,DoS
994,7.4171277553424275,874.2750443631768,64093,27555,UDP,DoS
442,6.988759685755884,510.1587015275753,24384,22663,ICMP,DoS
1409,4.026097885926209,723.4324251357251,57770,17657,UDP,DoS
186,2.181013051833371,104.22694418449541,22566,56633,TCP,DoS
1211,6.450896623525526,225.51621158814748,32336,35684,UDP,DoS
903,4.217617641598266,702.9731466345789,46266,4463,TCP,DoS
528,1.3236298350421785,52.898680072481234,37459,33196,UDP,DoS
968,9.00582244,486.64900247752877,29271,60221,ICMP,DoS
590,6.912527354238935,599.4090287663676,61169,36646,ICMP,DoS
377,6.832155380598369,602.1854294880758,23381,59871,UDP,DoS
911,8.226016175240828,23.03051798691523,56412,12601,ICMP,DoS
680,5.2970871248721565,322.17579342876263,42069,12787,ICMP,DoS
512,8.150729229596168,636.5270019840491,28715,21200,ICMP,DoS
190,4.981409444356547,149.0848361756285,13448,45410,TCP,DoS
1478,0.6726868237571852,695.4461067632204,19876,64996,ICMP,DoS
1361,4.053075632,745.9506162927931,23625,55506,TCP,DoS
302,4.975151474904926,981.9709935271006,53795,25279,UDP,DoS
183,7.202305613741326,209.92101065692376,19044,42027,ICMP,DoS
385,1.0666807225566148,825.1481545993486,9179,21020,ICMP,DoS
663,1.4010453680658295,520.3445472609621,4607,36410,ICMP,DoS
1056,2.637574343,373.5252499,16539,22086,UDP,DoS
920,2.665717435315451,122.46451964944542,37801,36955,TCP,DoS
41,7.322113600012165,735.5320559268888,20734,59656,TCP,DoS
936,2.5080558749554163,235.9340133837727,44202,36734,ICMP,DoS
1367,6.331347535511119,371.4848596728585,25556,58587,UDP,DoS
293,4.943244227532577,62.63597267,64215,35717,UDP,DoS
492,5.7333704874158276,801.3867791279371,19625,36764,UDP,DoS
1100,8.381231525,766.6118651192462,64251,12729,UDP,DoS
1223,4.0444106339886945,733.6424684593082,5991,44432,UDP,DoS
1054,7.709342859265641,299.5135661408375,19777,29071,TCP,DoS
48,4.220938559447323,173.56272625853063,21046,11990,TCP,DoS
1296,3.5393598942359334,637.5895091437827,44487,18398,TCP,DoS
1162,9.586313145954893,496.21676747480814,10159,12162,ICMP,DoS
855,1.8445248358689532,178.3346416579511,6746,51988,UDP,DoS
247,0.9042792688155011,685.9426799227588,28437,16959,ICMP,DoS
1194,7.710088269,991.1273191781215,28260,46937,UDP,DoS
443,0.6834288038355618,747.2448657832634,16538,59171,TCP,DoS
191,8.370952828039592,740.0123880469432,44920,1513,ICMP,DoS
93,4.372496770176078,950.3177216552987,38236,45540,TCP,DoS
1183,9.155221259241848,203.0160739381447,41410,23284,UDP,DoS
667,7.215607078357935,565.5934099249482,21355,27093,UDP,DoS
626,6.104436265412569,979.6487504,19084,53821,UDP,DoS
1483,9.493118664,165.37758155907753,2220,57257,TCP,DoS
1485,3.967097081147491,700.2819342485766,13321,20299,UDP,DoS
143,9.540915278,585.8515649573047,3811,60073,TCP,DoS
293,1.3508777729346482,586.5204442794881,24840,37308,ICMP,DoS
1290,4.838065664382196,697.7008604573232,59829,53516,UDP,DoS
1175,2.6998423126995568,929.6239611833967,41719,40202,UDP,DoS
549,5.398887946303026,782.6036816573528,20726,33845,UDP,DoS
138,1.6209767650379545,56.23048980586838,26266,52751,ICMP,DoS
192,8.415455073440123,852.7427470737236,56865,61959,UDP,DoS
953,8.464232085296258,225.61877579274002,63986,18023,TCP,DoS
917,9.552407890922066,376.97647331989833,3200,63546,TCP,DoS
377,1.547566736691479,461.7866403310209,21151,39736,UDP,DoS
861,6.233702176499003,480.9579101529944,42584,41196,UDP,DoS
1226,4.742898849694996,435.23688121543125,28252,34746,ICMP,DoS
996,3.444492936710288,937.3595588864429,54598,11649,ICMP,DoS
200,3.5160500711810543,706.0484057632582,21232,2653,ICMP,DoS
840,4.128522712516917,631.2075288921106,29506,11997,UDP,DoS
437,7.049550571339842,49.93704358016326,10195,7883,ICMP,DoS
1340,5.983262296623279,903.9229389273487,36243,42633,ICMP,DoS
855,4.597355446,909.3992529891954,34420,44331,TCP,DoS
1455,0.7602581702858513,780.2350421237593,43613,46474,ICMP,DoS
1198,0.7785756754454919,7.128500893237794,41570,37070,TCP,DoS
1258,0.024391567,57.37452305251559,4720,22863,TCP,DoS
440,9.677026182682658,225.3011798982629,61798,28240,ICMP,DoS
679,0.053532932,131.4362732040922,21082,53977,TCP,DoS
1096,1.031834366391435,398.8961461007591,21337,19969,UDP,DoS
727,3.1466509715372997,922.6307957819809,20173,61617,UDP,DoS
499,8.074495087915794,472.1132281535786,54545,7563,ICMP,DoS
994,9.621025758855412,13.501286169522393,46764,50546,UDP,DoS
509,7.900345574,282.81741500980417,42099,34649,TCP,DoS
1438,6.905911764223961,44.690448882124244,5980,5910,UDP,DoS
1085,5.213485373468281,36.38399385124081,11219,46737,ICMP,DoS
789,0.8679654134099739,275.7922811102427,18100,8509,ICMP,DoS
77,9.581749759,275.68477744507754,53338,32479,TCP,DoS
269,7.584165747,787.1478899413439,2129,47472,ICMP,DoS
1428,6.389854903957285,974.8371693158338,64835,17791,UDP,DoS
602,7.5905994195429605,371.2699731806093,53184,48189,ICMP,DoS
477,7.241309189402114,428.9439901731525,52337,29477,TCP,DoS
1346,6.372678566,844.8049573423929,64256,11768,ICMP,DoS
66,9.805787424999702,268.21220619350385,16441,38126,UDP,DoS
265,9.033734762547613,156.4661662230076,25753,54466,TCP,DoS
1340,6.467002526252517,853.1043144413101,47980,52901,UDP,DoS
837,6.932058939357791,46.59593638142149,31123,13250,TCP,DoS
323,0.5169064707804413,619.7374702553958,53875,28893,ICMP,DoS
918,6.699504728035842,562.0366481820602,33622,23612,TCP,DoS
999,0.4426102116632917,345.9858554569441,30985,14464,TCP,DoS
492,5.883049305942341,315.25800214524924,13626,32733,ICMP,DoS
1059,9.993535642158783,771.8805404090032,53962,48812,UDP,DoS
855,5.5585100077903595,86.51596830147022,10280,23519,ICMP,DoS
698,4.732627970695253,236.86063088045424,21608,38043,TCP,DoS
586,3.12923571,732.4754869649059,48004,45972,ICMP,DoS
1255,1.206105265285858,548.3657516680516,35705,49932,TCP,DoS
1112,7.310505690911358,128.07540971273303,26816,1946,ICMP,DoS
56,1.9267976788285186,882.1474007206319,22928,53091,ICMP,DoS
1235,1.1537049304515965,393.5085017789352,44385,28550,UDP,DoS
1283,4.2182048346453955,827.8855884846406,65527,8981,TCP,DoS
197,7.953623037753016,787.7342442261559,35564,64073,UDP,DoS
516,7.450900416654084,624.4630039270809,27560,53222,TCP,DoS
1109,0.5497712638501028,494.53168318196344,20188,49588,ICMP,DoS
1436,4.551981706676526,979.5528852977187,64067,59342,TCP,DoS
557,5.224823326135619,145.05057587257906,14020,35022,UDP,DoS
138,6.4458219596075965,725.1832119783597,57599,44419,UDP,DoS
1100,6.502023337081839,191.2715823946425,63114,25055,UDP,DoS
319,3.647607797323601,338.3292790218152,3895,11030,TCP,DoS
1412,5.607211262841138,308.76787349885797,47026,61302,UDP,DoS
536,4.811137776557021,947.0412841399491,50836,38725,UDP,DoS
341,8.850098566876287,967.3594421704964,23650,48087,UDP,DoS
220,5.303121061216367,183.09714269030368,61003,26963,ICMP,DoS
646,4.410880585319869,22.132956781474437,11545,50169,ICMP,DoS
1162,4.0454500113688265,720.0360388591469,62322,21348,TCP,DoS
739,5.724705166575224,418.0481348770973,44434,23891,TCP,DoS
1032,8.039965817029575,88.93136106305562,2156,1227,UDP,DoS
1179,5.384476502317495,683.7857301664849,34491,17568,ICMP,DoS
230,6.616890095630335,545.1510177078736,15558,16923,UDP,DoS
292,7.378819813298344,980.5187703189059,24878,30087,UDP,DoS
1020,5.202160931,227.4867549117928,44022,26368,ICMP,DoS
967,4.268743749491989,404.0374785389156,64838,4772,ICMP,DoS
1224,8.766777113246633,542.5915488150833,40089,40510,ICMP,DoS
1319,4.175643334194894,791.7208184545063,46631,52757,TCP,DoS
1386,4.619966562905301,548.8837728543867,8836,2117,TCP,DoS
167,9.903422792104429,612.9388708,62868,16252,UDP,DoS
57,0.003374998,226.22443688478174,5581,21908,TCP,DoS
605,1.8555436228576478,846.9340362,3203,26207,ICMP,DoS
609,3.8402549353073376,428.68768391577873,44822,17058,ICMP,DoS
1386,9.325966504343103,141.0455315590171,10089,6734,TCP,DoS
725,0.7012270277689628,664.2214957139669,9299,43524,UDP,DoS
665,0.095844851,216.16884413998898,51598,20283,UDP,DoS
1351,0.5277856759363087,97.65275399,48881,36983,TCP,DoS
893,0.8863455627255679,862.0007097134319,61043,52013,UDP,DoS
1001,0.37693013528940245,460.2162482619908,36972,34481,UDP,DoS
194,4.7983334872381915,749.3087843245069,21724,21167,UDP,DoS
529,5.807991315,290.65850105037447,62343,61317,ICMP,DoS
1449,2.717598023718972,786.9914379041745,40488,63704,ICMP,DoS
824,3.983475552,112.02473342882816,43375,3127,TCP,DoS
1167,0.917901652,356.0377764574732,28818,1389,ICMP,DoS
1456,3.3643682678203923,978.0640117917312,29807,47802,UDP,DoS
285,5.225669397153597,794.0103173963693,18022,45559,ICMP,DoS
1239,7.322985800039268,497.30620472165674,14893,17127,TCP,DoS
1102,0.034460274,339.8434938147289,61339,33534,ICMP,DoS
798,4.673640354609988,872.1484864524743,45549,25500,UDP,DoS
577,2.970731761672367,544.8932743086073,29176,13766,UDP,DoS
960,8.528365395097321,758.4491753673242,21978,13415,TCP,DoS
447,7.155817599027186,754.1322695481324,32579,37964,ICMP,DoS
564,5.891496236174478,18.043884000634982,64377,29925,ICMP,DoS
867,2.7733791913220394,126.34115741433419,17678,56209,ICMP,DoS
942,9.103480681473286,659.6634034581027,46050,33025,UDP,DoS
75,0.4519616715260115,161.70364930474284,36260,16647,TCP,DoS
724,1.0955665191924724,255.56779532113913,48000,3402,ICMP,DoS
59,3.9169097752630204,946.6432904041872,16066,51381,UDP,DoS
360,1.2452511354112665,560.2262401490744,26990,22396,UDP,DoS
551,9.56420056,750.7544340486472,49431,45823,UDP,DoS
439,7.980095232111691,558.0249407087616,45338,39461,ICMP,DoS
693,2.590567533366535,552.5583634212469,46119,36527,ICMP,DoS
1011,5.885953735503481,94.24249493468533,15294,31770,ICMP,DoS
510,9.823322820285735,343.7288262898422,31932,28947,ICMP,DoS
1206,8.842105582336897,282.5026555966431,16547,10891,ICMP,DoS
1155,6.008383665975539,390.7892927770519,63457,42282,ICMP,DoS
1417,9.037335947785529,798.3643538055059,48092,34748,ICMP,DoS
873,9.891859913223776,371.99547465007316,21015,65310,ICMP,DoS
766,7.433784876113348,451.7516495497595,11799,10330,ICMP,DoS
893,0.6507991084194574,397.4416523,13289,40415,UDP,DoS
90,4.016400784018449,93.49863117809807,20483,15932,ICMP,DoS
614,8.378419527,441.1280510349587,62274,28105,TCP,DDoS
1253,2.306461388854385,195.68971211721058,17697,51650,UDP,DDoS
1188,8.306594534988495,186.80462344346415,58296,38252,ICMP,DDoS
189,1.2042672815879243,94.12670082382292,28080,24410,TCP,DDoS
353,0.4704066261209823,356.7353070443506,7638,47778,ICMP,DDoS
609,3.8415220243010046,757.5061366009385,37044,46430,TCP,DDoS
1405,0.36828264232870966,276.51404641433777,8439,29326,TCP,DDoS
344,9.572745359570273,312.417867,24179,61839,TCP,DDoS
721,8.262230752243864,642.7103902066564,50454,56572,TCP,DDoS
877,8.007896101611621,195.92122850566017,44908,20236,UDP,DDoS
1117,6.298149452038535,896.9682346,17988,64368,UDP,DDoS
1042,2.1640239063424986,520.2385041992293,38750,36642,TCP,DDoS
483,5.183085406397246,447.65818002618494,58621,47091,ICMP,DDoS
652,5.973143450230981,557.8644099100085,38068,11722,TCP,DDoS
1032,5.250789977101822,166.11770998485383,58173,62138,UDP,DDoS
303,2.6030734461473215,613.5117913253124,38568,53140,ICMP,DDoS
1116,5.152963995222945,363.16442656034707,51000,5618,UDP,DDoS
1043,4.912372222345398,897.1966223305225,33276,26549,UDP,DDoS
44,9.963361422291436,168.93732125701837,4856,15306,ICMP,DDoS
1166,8.974464044313992,507.1003987550545,26299,50077,TCP,DDoS
1259,4.634344101407984,598.1528181060811,15925,15358,TCP,DDoS
813,6.229750891968252,33.48026342620258,39237,30203,TCP,DDoS
916,7.478968169318194,363.75675544366464,35172,63791,TCP,DDoS
1031,0.3496167371780153,732.6619711773627,62264,7668,ICMP,DDoS
923,8.949319490837171,820.3954696982285,43657,36642,ICMP,DDoS
1413,8.601408037,313.23067861780066,61095,48725,ICMP,DDoS
86,4.574863546,798.6134131,23942,33957,UDP,DDoS
906,3.9123064910377177,967.7591015156785,47718,61854,ICMP,DDoS
862,2.7303207891882932,856.8882486814866,64421,44493,TCP,DDoS
975,4.7672916064753545,117.73222376050926,20564,34711,UDP,DDoS
695,0.4447222586688345,739.7563590523321,12604,42097,TCP,DDoS
308,8.522083139936731,319.73486575730067,54483,53680,TCP,DDoS
409,0.35518826181703217,988.4171478131353,39426,18399,ICMP,DDoS
675,3.2911846023333404,485.41044726157116,58751,49507,ICMP,DDoS
1169,9.315963294,122.52165496910513,39602,56223,TCP,DDoS
696,7.352391332580004,725.2130295,25941,31950,TCP,DDoS
159,2.8146282148146904,323.07889726637524,23342,37631,UDP,DDoS
870,2.527238291,997.0784492659535,11203,18666,ICMP,DDoS
1121,0.051816316,979.7844796087364,13275,25017,UDP,DDoS
1409,6.957447214204652,656.1684046187786,46923,45410,UDP,DDoS
780,0.4887870331500578,129.9134663068224,20517,58882,UDP,DDoS
156,5.326492591488221,686.8923115752616,21490,47311,TCP,DDoS
830,9.621257603947905,93.12118341,31230,22212,UDP,DDoS
1190,1.0955791316844843,29.461222686482078,46499,33620,UDP,DDoS
1456,8.944904829749706,822.9761503768639,61166,28796,TCP,DDoS
1052,9.914761876115337,209.8319724,20648,31881,ICMP,DDoS
1121,0.6161087453661113,379.0892235064755,27588,62802,ICMP,DDoS
673,8.829179785105476,973.4600442371756,23436,11800,UDP,DDoS
552,5.161274125415724,336.9068178109172,29014,33859,TCP,DDoS
841,9.065230680726355,296.5601323051869,52025,10812,ICMP,DDoS
1159,5.713618100253822,918.2161788228129,58673,6684,UDP,DDoS
1181,6.621457989,110.83737047442621,61981,5502,UDP,DDoS
599,5.4382453010659955,759.6064518736204,36541,9234,TCP,DDoS
527,8.645064310193177,988.0667600961087,14180,11946,UDP,DDoS
1300,7.339365279618065,901.3058811735714,24088,37313,ICMP,DDoS
936,5.213081861491969,651.7027519145553,26735,64585,TCP,DDoS
1335,8.681739879711417,314.12938891323273,31130,34364,ICMP,DDoS
1252,2.4536100370210905,254.39654898019887,17613,40874,ICMP,DDoS
743,1.5742492563655572,819.2731794,24760,58008,ICMP,DDoS
620,1.604840653195391,879.8339317603002,21999,39187,UDP,DDoS
829,3.3407547785736336,525.4823690544383,37242,49199,UDP,DDoS
900,2.3876616229788743,244.4155067923875,8238,19666,ICMP,DDoS
286,9.300973414746876,113.03191409033244,31605,12118,ICMP,DDoS
1139,1.0592351041920114,87.27074988504798,21219,23447,TCP,DDoS
193,6.9902083896578375,719.1055396091202,45606,34442,TCP,DDoS
1498,1.8930261763102738,420.17671597494024,61967,6765,UDP,DDoS
1036,8.816489690570732,905.3693382904426,28151,47073,UDP,DDoS
1149,9.613191567,739.6973336,6165,7862,TCP,DDoS
736,4.655234617691066,191.34129187279524,29908,52763,ICMP,DDoS
1348,8.790835730801088,613.8160410738175,25909,58052,UDP,DDoS
1283,0.052446562,435.5619038527195,3732,4286,ICMP,DDoS
1132,8.199649227163594,577.2920057955363,19399,51514,TCP,DDoS
1110,2.2870229900877104,738.0953164261833,16112,6020,UDP,DDoS
1048,9.087104391,806.2152614156904,58639,45618,UDP,DDoS
133,0.012199995,843.7529526740836,45626,23188,TCP,DDoS
997,5.5622611686625305,254.0494770845675,46070,36619,UDP,DDoS
1051,7.5666014020455625,31.21248835736595,11038,31281,TCP,DDoS
492,2.587624618648382,739.3208056912567,65449,15235,UDP,DDoS
1267,1.9321355130083433,106.4330919,4297,31477,TCP,DDoS
951,0.8418981464553785,314.98809665410636,48159,6256,UDP,DDoS
257,3.2650093314564264,3.9167524109347087,38330,3241,ICMP,DDoS
513,5.598883278775986,681.7013155,31905,53715,ICMP,DDoS
471,1.1593227239457964,167.21529827007413,32510,25253,ICMP,DDoS
380,3.7675769245060007,655.3168815,13565,15256,UDP,DDoS
590,0.091714974,991.7434429,9736,26637,UDP,DDoS
1352,8.186975525577918,72.76360452285527,10192,15050,ICMP,DDoS
1317,1.2853587322138205,77.17030415026554,53898,54559,ICMP,DDoS
396,2.8341461397075505,340.44605465740824,4575,29578,TCP,DDoS
62,0.1852587596634365,866.3998755999169,13321,31932,TCP,DDoS
561,4.322975598141231,215.6083158044527,44757,53137,TCP,DDoS
1163,8.401374905909446,360.44178214835455,28152,20634,ICMP,DDoS
841,3.922119963240521,68.59855608631686,3856,47670,ICMP,DDoS
1243,1.7957937369149102,763.1789757297635,29507,40629,ICMP,DDoS
1286,7.537234641671142,408.36551212517514,23087,64209,TCP,DDoS
801,7.888281011725573,759.2728081875367,23987,8055,UDP,DDoS
481,1.7383609996003604,903.6174835623605,14446,48598,ICMP,DDoS
808,7.708770231301358,232.83987078657862,33944,59466,UDP,DDoS
1055,9.473031584675123,807.4152907369173,55930,60692,UDP,DDoS
1388,1.664609491735791,59.18798068924545,12180,26539,UDP,DDoS
555,7.710071941028824,898.8575034414293,12132,37508,TCP,DDoS
1079,7.086011474021692,650.8034707039915,32869,37206,UDP,DDoS
831,4.736265310462451,874.2393014659377,3824,51624,ICMP,DDoS
375,0.5801466851274242,0.28838071662623926,64320,1594,TCP,DDoS
297,0.7478694831607824,169.1641622489569,39102,33278,ICMP,DDoS
536,8.524294177327278,389.8204114877494,43736,20312,ICMP,DDoS
935,9.901493579133719,379.56495308438116,3634,14312,TCP,DDoS
199,6.760846519610358,226.80770988521832,13091,30901,ICMP,DDoS
891,4.460137111796205,381.6737786732134,34896,19913,ICMP,DDoS
729,6.4760888603756745,128.9358271290548,11752,1941,TCP,DDoS
419,5.944364196426226,412.8198531530995,30590,11090,ICMP,DDoS
996,3.8367389917958126,802.3740937263483,30807,30528,UDP,DDoS
730,0.6571958195955555,479.1221560970409,57537,8006,ICMP,DDoS
1490,8.215307961127001,18.098288936320465,21607,57603,UDP,DDoS
1331,3.718963458858007,421.5018971750895,21262,40128,ICMP,DDoS
1480,8.188037648,27.272298589235078,8287,19086,TCP,DDoS
1231,2.5258349881341338,966.2467863657275,61862,18023,TCP,DDoS
1106,0.011293769,127.54121402692667,2938,62869,ICMP,DDoS
324,1.5902238944842884,707.7175574979857,24773,10965,TCP,DDoS
436,4.685925628269075,972.7790452597966,20480,62193,ICMP,DDoS
51,9.443092045943342,826.0564477614053,26606,24494,TCP,DDoS
1365,1.022834003317496,699.3454435886911,1430,65232,UDP,DDoS
1316,8.542243534841198,839.4769634098168,14713,46172,ICMP,DDoS
538,5.270713938,981.8005133913016,33958,60845,UDP,DDoS
793,8.259381737233166,621.3823628038042,34300,22157,UDP,DDoS
74,2.984445935468936,559.2288883486435,51837,53681,ICMP,DDoS
766,8.399631699560047,628.2752866522351,64824,45459,UDP,DDoS
888,7.7284549773880284,532.7226191728788,37456,5553,ICMP,DDoS
129,2.3013067766313076,635.1255969991279,20897,18543,UDP,DDoS
815,1.314219928967371,449.8972238,14074,13216,ICMP,DDoS
644,8.680675171000397,218.52133856501877,1704,9590,ICMP,DDoS
1009,9.632403297747878,120.33520178902445,19932,8250,TCP,DDoS
1061,0.31399183516141493,68.43410143870716,19528,38954,ICMP,DDoS
457,7.312969399669883,263.3894521748248,22668,50382,ICMP,DDoS
154,9.095335584967236,46.218951979300265,63045,22283,UDP,DDoS
656,8.573743560832893,567.2140628413937,38149,35111,ICMP,DDoS
1259,9.645240202229814,283.90006417881796,2387,2165,TCP,DDoS
865,7.6011806903025345,824.5523546062235,43315,5651,UDP,DDoS
1138,4.423545325046723,74.33344890108759,36084,57565,UDP,DDoS
452,3.1202079529608095,226.4288591920518,2562,48293,TCP,DDoS
1439,3.2081066616408362,730.2731224754369,37200,3714,UDP,DDoS
1483,7.244502303468557,598.8484155538531,57918,41115,UDP,DDoS
768,7.458624283297613,64.58482212204261,42544,4279,UDP,DDoS
1340,2.0043910763435777,877.2517332164842,26699,58457,UDP,DDoS
1060,8.681360012091819,877.2740366498969,19311,6237,TCP,DDoS
800,7.149525477982275,330.4749630753863,1198,37900,TCP,DDoS
715,5.627940113147484,340.47180276522977,27756,20428,UDP,DDoS
1457,4.715853068565025,989.0294555143389,36022,52033,UDP,DDoS
496,5.432784825093792,626.2135539759789,38079,26404,TCP,DDoS
959,1.5932981370543655,531.3633889160024,54336,26544,TCP,DDoS
231,2.0378087915134655,838.1683683335692,13136,20197,TCP,DDoS
778,0.9125537395715106,285.3618093234807,40898,64321,UDP,DDoS
1162,1.5374267235729657,429.2396751370173,10713,54051,UDP,DDoS
1017,4.537482652418222,267.8498978207854,45838,25013,ICMP,DDoS
1048,5.3040135828888335,789.1819305040725,20579,43594,TCP,DDoS
135,0.17960106289071542,573.3920107006545,51743,25543,UDP,DDoS
702,7.968181480812412,658.8591876330565,65375,61291,TCP,DDoS
1253,2.9423855654614353,252.3820191144226,34943,23463,UDP,DDoS
76,9.118448514,220.30327884717735,8643,54058,TCP,DDoS
1432,9.675145124874163,488.42579152004043,7057,12437,UDP,DDoS
318,1.8554032878918667,737.5919925179176,42352,16019,ICMP,DDoS
256,4.621510810365842,525.2872335444082,5970,24583,ICMP,DDoS
906,0.01331712,32.742412977914036,25642,63516,TCP,DDoS
912,5.983674323959148,868.5646511696567,35699,46375,UDP,DDoS
1336,6.073457176,64.78042482578005,37282,24537,UDP,DDoS
101,2.476152016078148,955.8289012723801,19943,6045,TCP,DDoS
635,5.584568313159397,25.239444081444997,5197,33488,UDP,DDoS
768,2.2561758842949104,694.4810110850957,44857,22143,TCP,DDoS
1405,1.6090938653128224,82.29884300541048,27424,52563,UDP,DDoS
436,6.515543148555845,910.6855117771961,51469,30323,TCP,DDoS
738,3.2599287140567967,464.48679290192024,5793,40374,UDP,DDoS
1082,5.903049125,137.61002243953368,38588,47247,TCP,DDoS
216,4.333034242967585,340.8816182198676,46838,26541,UDP,DDoS
435,9.843529722621637,164.90819287922736,15235,14141,ICMP,DDoS
484,1.496656846,170.6648533659343,24279,23274,UDP,DDoS
1296,4.6465213677614665,948.1135093,28986,19974,TCP,DDoS
115,6.804885806966894,445.3015876735597,20380,18383,ICMP,DDoS
304,3.956055293715807,788.8233836789691,21330,24620,UDP,DDoS
494,9.747023818855029,639.6416006215641,6021,26554,ICMP,DDoS
757,7.219154391641425,676.4587197021584,57208,2286,UDP,DDoS
774,6.5701815917873665,131.7802691281913,18400,55223,ICMP,DDoS
1447,7.570835616844623,234.2610283708041,41904,59311,TCP,DDoS
890,9.526533731749131,786.7716601209215,39079,60570,UDP,DDoS
1430,9.078278711193416,970.7691298541355,11602,63668,UDP,DDoS
183,7.243128795955993,262.7493750343919,19648,41174,TCP,DDoS
924,7.491867229373731,271.6416078745648,51652,23639,ICMP,DDoS
1132,1.4600748182774195,472.9498430976238,40218,4351,TCP,DDoS
1162,1.0288212525221643,983.8419288241523,45391,55806,TCP,DDoS
435,5.709474113939799,269.0320499318884,1413,30792,ICMP,DDoS
1088,0.18465800176845948,407.0312124433005,34791,65442,TCP,DDoS
987,4.824081459134365,891.4908676219444,46604,29874,UDP,DDoS
930,2.104285449608767,3.0207405180998714,49391,52435,UDP,DDoS
1214,3.460819659880751,39.86198839207069,2879,43812,UDP,DDoS
1207,7.758271553193769,604.1112699035122,41917,51433,TCP,DDoS
608,9.412433804819633,907.3894266963757,14818,17872,UDP,DDoS
1102,0.7250903051912687,238.93277473588745,59026,47854,UDP,DDoS
148,5.342887817558475,469.69481050324094,36555,53470,UDP,DDoS
1105,8.825452325,450.5202551276525,53839,40566,UDP,DDoS
1249,0.8260028358697724,473.02404896090064,6010,16184,UDP,DDoS
974,8.245315954921441,622.5574437601722,33322,57607,UDP,DDoS
437,3.5786557079317856,469.7967886143847,2505,35022,TCP,DDoS
1286,3.221624927491134,447.52339450832557,57432,28254,UDP,Brute Force
673,9.774686396761544,474.3409915892174,4755,10100,UDP,Brute Force
1196,2.0093900395330793,590.9083545269144,57438,4829,ICMP,Brute Force
1226,6.932246214285987,537.0537876025232,17859,32109,TCP,Brute Force
1278,8.214585839370654,854.1505840507392,60843,56595,TCP,Brute Force
772,0.4127937692974375,49.59190380831725,28822,15739,TCP,Brute Force
274,6.704184198085769,833.3337397658652,27137,63796,TCP,Brute Force
697,9.515548193578914,843.9402201504629,20501,6774,UDP,Brute Force
790,1.2430754473138654,284.9795307288078,18290,49419,UDP,Brute Force
627,8.962316805547697,462.9056698203491,21816,14256,ICMP,Brute Force
1072,5.948171597131985,438.5946346885818,21476,54032,ICMP,Brute Force
1137,6.1664292140428785,218.58798337069487,63303,36927,TCP,Brute Force
993,6.129828804481194,396.85716740160785,44550,7977,ICMP,Brute Force
531,2.989060027486801,44.48333339363735,53453,33117,ICMP,Brute Force
952,9.352082951179296,277.89429057445625,50103,26524,TCP,Brute Force
1316,9.473557275847757,816.7005072,42358,23442,TCP,Brute Force
1293,6.253421297479265,284.63384553272124,62914,54765,ICMP,Brute Force
1237,7.834443836690205,818.2248480813727,12913,35338,UDP,Brute Force
1231,6.1229676008256995,531.6463046579704,25359,49249,ICMP,Brute Force
209,4.844500077292833,879.8746910934238,12278,23473,ICMP,Brute Force
1456,6.6085403628742085,574.8220763089887,22098,18502,UDP,Brute Force
985,5.530461524466993,29.765256242433345,12466,36203,UDP,Brute Force
834,5.975161150456669,675.4526655263345,47313,52793,TCP,Brute Force
673,7.838541701635201,44.94908267,54771,47905,TCP,Brute Force
1257,4.8095574106584005,450.6519592812357,38351,26362,ICMP,Brute Force
68,0.4085003068186352,929.4337518036667,17223,27923,UDP,Brute Force
1228,1.6408308104139828,165.28741894391635,8315,5169,TCP,Brute Force
1485,4.386633557678895,389.93336570624996,41952,33125,ICMP,Brute Force
378,7.248540772,729.8873228175936,1136,3799,UDP,Brute Force
1428,5.933193204453477,882.2703302392381,22539,46985,ICMP,Brute Force
1405,6.503291564548666,670.9759104420336,20605,32671,TCP,Brute Force
539,4.7933100068342975,258.2474368657501,49716,46643,TCP,Brute Force
550,6.157804477400487,674.6403921309245,60746,46862,UDP,Brute Force
1390,3.2908453607088073,296.7979683399796,27524,56804,ICMP,Brute Force
256,4.702355744373954,718.4573868957534,33050,20563,UDP,Brute Force
1364,7.443046376883962,954.0377243,17547,37762,TCP,Brute Force
1195,8.718455956952239,721.4213117611777,2448,58148,TCP,Brute Force
1133,4.337119684229933,862.8942148621211,53125,27640,ICMP,Brute Force
1315,0.43757291541590454,2.2036327915658247,20576,15143,ICMP,Brute Force
1478,1.6175637689238798,717.6003675191213,58884,26183,ICMP,Brute Force
484,0.20959053177608947,829.6045981095638,11832,55591,UDP,Brute Force
915,6.5329769293540645,40.654681670926955,39835,38123,ICMP,Brute Force
1245,3.323813938925734,871.6105675155018,8013,11319,ICMP,Brute Force
206,5.425243878557956,256.76855888721485,24644,35734,TCP,Brute Force
130,4.933275190991212,665.3255727678575,40053,62823,TCP,Brute Force
753,0.8161833690347146,800.3748435355043,1911,56202,ICMP,Brute Force
78,4.033210349877195,662.6982466080495,32826,25709,ICMP,Brute Force
1189,2.206390688,92.37556359404991,20512,50367,TCP,Brute Force
212,4.184579487,596.3618867084823,31037,26503,ICMP,Brute Force
692,2.0365792251420847,549.6286983564714,50225,47196,UDP,Brute Force
793,8.404683610363058,900.3312359,54127,34653,UDP,Brute Force
1283,1.7427591724459581,404.2993056712448,53736,56887,UDP,Brute Force
1121,9.607844734318283,321.14898897734145,17426,43067,ICMP,Brute Force
515,4.159657754103262,749.8757793600226,22229,18057,TCP,Brute Force
495,8.462606674898474,412.7340585507883,56516,37926,ICMP,Brute Force
868,6.288019417241245,646.1315653875625,58234,45595,ICMP,Brute Force
934,7.353767636358861,646.4854451155945,27073,16432,TCP,Brute Force
1424,7.6774711567797365,888.0502604536819,13277,57763,TCP,Brute Force
1064,5.048943974048285,598.7325330788655,20014,59004,TCP,Brute Force
426,5.4334619331095215,502.2033946009907,8870,18444,UDP,Brute Force
387,5.140444682219441,138.95743926387735,26051,17375,ICMP,Brute Force
229,5.8809957225227025,115.82603291803748,40224,5155,TCP,Brute Force
544,0.2949150631193164,154.40613312655108,47244,52324,ICMP,Brute Force
1254,3.9557561833203034,171.9312964789618,47187,45849,UDP,Brute Force
1432,6.062280946898155,637.9133049543675,4789,12373,UDP,Brute Force
1472,5.9776379289933885,741.0071521495511,52614,61955,TCP,Brute Force
863,7.929767989961711,530.0385237741261,16974,45278,TCP,Brute Force
968,6.550438378982254,829.0348307722365,46294,39249,ICMP,Brute Force
973,9.921341030090383,991.2641004109598,10765,39871,TCP,Brute Force
1180,2.8392614315578415,820.0306278564441,23766,13477,ICMP,Brute Force
173,3.5921511456326485,694.9128854385916,61842,19838,TCP,Brute Force
97,3.839087671526095,532.5394501672029,25727,19287,ICMP,Brute Force
724,4.6586622573954655,448.9081863675408,39733,13182,ICMP,Brute Force
711,8.360144639748313,84.48394130648788,57820,16759,ICMP,Brute Force
212,2.3586851474981394,399.4288115198515,38647,16854,ICMP,Brute Force
854,7.76022607,910.1436233,23955,48917,UDP,Brute Force
1212,4.0536965206743485,808.0418276435623,24604,45697,ICMP,Brute Force
119,6.018951981236424,216.1297599,56087,62494,TCP,Brute Force
925,6.325772791729835,466.66112391874617,56657,24950,UDP,Brute Force
1276,3.7291135232521557,816.7415302382888,16190,46090,UDP,Brute Force
242,5.126639436852846,67.47781633004396,52937,35803,ICMP,Brute Force
803,4.130898715302323,387.45384641009247,54632,4397,UDP,Brute Force
1292,0.6922587290800079,851.8560527502602,30264,11359,ICMP,Brute Force
1290,4.3722167227794495,403.95747438370677,27015,24765,TCP,Brute Force
1465,0.9748365321429682,77.70688326696771,56537,11716,ICMP,Brute Force
86,4.050802970004136,542.5801150953982,55869,48319,UDP,Brute Force
1296,5.929591079917987,861.7563206688035,39580,46565,TCP,Brute Force
1368,5.794569578535665,590.3265143988644,33993,35081,ICMP,Brute Force
1206,6.626550168804196,226.35648030341036,56336,2471,TCP,Brute Force
1478,0.9535198180383083,384.30119617536764,11585,20607,TCP,Brute Force
1436,6.521580332058849,450.1783488,17925,23789,UDP,Brute Force
1322,3.1221684189077745,579.3084271851448,41529,60311,TCP,Brute Force
695,3.991060415424974,759.3750906500378,31044,24930,UDP,Brute Force
510,8.580004552973135,98.96373027887134,63899,56235,TCP,Brute Force
1010,0.091295011,889.6630678142645,26941,20591,ICMP,Brute Force
1075,5.884537920772715,12.408472045773982,63144,15163,TCP,Brute Force
1393,5.987541087020976,370.11532944078783,3012,47549,ICMP,Brute Force
775,3.9672011036592765,27.51756794166039,49233,39254,ICMP,Brute Force
823,2.3710415432262537,393.0349279227567,45529,53392,TCP,Brute Force
1007,2.3475057085772493,525.8600176134364,63955,20544,ICMP,Brute Force
397,8.837212986937866,511.7302184428536,62888,20726,TCP,Brute Force
1011,4.420801713454793,165.7117841935625,15280,52958,TCP,Brute Force
1471,3.309562741,645.7759360446028,53978,26590,ICMP,Brute Force
707,4.488326960740199,44.873972659617756,23216,8681,ICMP,Brute Force
412,6.694234624192155,761.9306294504022,61643,38712,UDP,Brute Force
1071,1.458419925879272,946.6497695501469,29254,31158,ICMP,Brute Force
1185,4.494888918302164,339.8348502684028,40954,11369,UDP,Brute Force
1411,5.879255826732759,517.2876577761605,60802,56500,ICMP,Brute Force
715,9.485884965159485,378.9723870310085,46857,56503,TCP,Brute Force
129,2.5260252929721174,6.809719265029548,23649,42209,ICMP,Brute Force
737,3.5931482284145395,385.93591544482643,33112,50952,TCP,Brute Force
1379,3.7942065406343155,791.7410872354203,15138,28437,TCP,Brute Force
1241,6.055776038291184,596.0292432992635,42191,6232,TCP,Brute Force
579,3.5679637983469767,101.3497886236974,39425,34479,UDP,Brute Force
771,5.3355857410716565,847.1547757448157,6779,50705,ICMP,Brute Force
908,7.818121508120449,531.1322363507543,11849,29042,TCP,Brute Force
80,7.054150555527924,841.7391894085016,23717,55243,TCP,Brute Force
779,4.464240096479344,580.2634966331509,5141,47015,UDP,Brute Force
541,8.642297560564016,559.7324759934561,25753,9104,ICMP,Brute Force
998,5.581844355689036,105.34865927849268,64426,22926,ICMP,Brute Force
1208,5.399518489182624,167.44299716531407,33206,52329,UDP,Brute Force
1264,0.3428434716256426,972.0280539709414,61734,10510,UDP,Brute Force
968,9.866943110591258,228.56389808009527,29914,39886,ICMP,Brute Force
500,1.2305851144877376,977.4543727785689,30364,57150,UDP,Brute Force
771,2.3120779933640385,531.9595152536109,2542,59894,ICMP,Brute Force
791,0.5179166755780281,135.87546815923073,31973,22182,ICMP,Brute Force
964,6.400389665402301,99.39227253341757,23571,41484,TCP,Brute Force
948,2.2477870685498273,208.9431842986694,17370,44880,TCP,Brute Force
1316,1.800924364289762,925.6447662923332,3624,36895,ICMP,Brute Force
429,0.8864672866481907,414.2088093,47029,36232,ICMP,Brute Force
922,1.0339862622830327,395.4947245661151,52371,21543,ICMP,Brute Force
295,5.847122333725445,313.2749404,62866,32403,ICMP,Brute Force
748,6.882390450800089,147.14714438153172,30291,29402,ICMP,Brute Force
489,3.974392505655546,487.9024120726872,37346,40916,ICMP,Brute Force
49,4.799490919,130.13477773288756,28014,55377,UDP,Brute Force
863,6.859991392093859,835.4966883586894,17217,51020,ICMP,Brute Force
837,0.17478052206461092,370.4599466,31133,15055,UDP,Brute Force
1305,3.2319834400457155,374.8660874250182,20257,15560,UDP,Brute Force
1314,9.731004382955394,474.0590278403076,49045,1470,ICMP,Brute Force
916,5.801542184724986,444.18330039443504,17218,37707,ICMP,Brute Force
1068,2.542991574395035,994.8584872620156,63621,49579,UDP,Brute Force
1182,5.217778736315496,545.4265831061807,35534,53285,UDP,Brute Force
1055,3.4271922277210325,88.29288361949169,2330,18642,ICMP,Brute Force
413,5.322917643274166,606.9166538427722,4873,7611,ICMP,Brute Force
1128,1.2582893765546816,151.66913444059296,13384,63814,UDP,Brute Force
185,1.3280138235389545,31.03455096686884,46560,32504,UDP,Brute Force
263,1.4362800780318892,970.7450794618804,57695,34018,UDP,Brute Force
1302,9.398258099476491,773.5615376454105,30255,21551,TCP,Brute Force
216,7.329256284495077,980.1109815145255,46824,24593,UDP,Brute Force
892,1.6246565647285465,477.93066017744025,63930,12175,TCP,Brute Force
1345,1.8843024885722488,532.3043053958612,37987,6582,ICMP,Brute Force
102,7.308563919233893,168.4201222235383,55354,60198,ICMP,Brute Force
1280,1.5624822840769472,246.9827359249188,52731,45763,UDP,Brute Force
866,2.346378372054952,838.5653599813379,19713,33978,ICMP,Brute Force
834,9.633504981,356.2500285528824,30108,48472,ICMP,Brute Force
728,2.553809941,826.8322922990394,41411,48351,ICMP,Brute Force
144,6.616661871361097,709.0428229146031,10304,44861,ICMP,Brute Force
1162,9.786334242717903,177.25320817933832,3666,36327,TCP,Brute Force
550,3.743593374630787,507.4956214831302,43161,35724,TCP,Brute Force
424,0.1761423926297603,677.4195828,15320,28524,UDP,Brute Force
444,2.442228757,235.1137110823447,56585,59216,UDP,Brute Force
862,8.308941036225713,830.7054416690248,63284,3056,UDP,Brute Force
557,8.646223750714412,544.8731747794322,16462,2276,ICMP,Brute Force
515,7.685425125873389,165.32552623755893,49466,6533,ICMP,Brute Force
748,1.1319850809466536,583.0261277,38549,38866,TCP,Brute Force
810,7.955308206592336,999.7138327754984,4018,14924,TCP,Brute Force
1086,9.186859292138049,150.6064395142472,58927,63480,UDP,Brute Force
1036,6.006494815919815,816.7752544265162,61332,15547,TCP,Brute Force
716,9.408812688,207.3882722872392,49018,2905,TCP,Brute Force
753,8.268561998235063,782.4100906271412,35063,34061,TCP,Brute Force
122,6.670048198392083,734.6044653291011,2837,2654,TCP,Brute Force
1208,5.7722751818807705,300.55933666187235,28515,21813,TCP,Brute Force
1148,3.486388098752463,325.8905352526934,58977,61571,UDP,Brute Force
1141,1.5937151649828085,792.5421398237229,19869,23547,UDP,Brute Force
496,6.049934272982719,461.4993673361239,54296,18982,TCP,Brute Force
40,3.1817974246275766,730.8449469089376,56300,47175,UDP,Brute Force
90,8.664520236608926,148.06934895109816,42267,49944,ICMP,Brute Force
724,9.933376036648927,852.5725261233633,63936,44876,TCP,Brute Force
756,7.5245251983931105,710.9136282106509,61296,2719,ICMP,Brute Force
488,0.9057264711752204,906.9521145539504,38188,53434,UDP,Brute Force
920,2.8875672697108503,132.45914179706895,43075,15845,UDP,Brute Force
527,1.0919872080257316,593.0551989105616,14342,4286,ICMP,Brute Force
73,6.505465966269367,599.1606729818211,18224,2469,UDP,Brute Force
1411,7.652143454693292,353.5253944727278,57480,56439,TCP,Brute Force
134,9.256822633976237,458.52057792680085,57507,58587,ICMP,Brute Force
1135,4.382285291773465,38.07776513352449,1106,17460,TCP,Brute Force
193,9.013855120234854,745.8854526231493,2944,10973,ICMP,Brute Force
289,8.779033699254233,549.3675471552338,41609,55746,UDP,Brute Force
713,3.1726399719372207,57.83527776398686,12707,24987,ICMP,Brute Force
477,8.689137355,680.7878173711895,12360,51842,ICMP,Brute Force
157,3.757346846565383,466.8353990234648,16620,30956,TCP,Brute Force
810,2.9693958763282478,34.5578133,3117,7925,UDP,Brute Force
1369,6.491097513285137,969.6107660754105,13929,52961,TCP,Brute Force
307,3.2844838976229256,949.1172318751316,57247,34511,UDP,Brute Force
1117,6.302457274543113,512.9511259055829,25375,9621,TCP,Brute Force
275,6.098708223181447,93.76305346,32005,65119,ICMP,Brute Force
428,5.634825835,754.6457595,9391,65532,TCP,Brute Force
1029,3.8048166226237443,491.9819069957185,6309,64933,UDP,Brute Force
802,5.485448716793116,302.5172335,44688,7879,UDP,Brute Force
440,5.965258264379231,491.4690357108039,38729,19702,ICMP,Brute Force
663,5.4573231980662396,522.4919009909239,17777,9287,UDP,Botnet
806,4.444750108059265,562.7554278524369,51994,64317,TCP,Botnet
1366,0.14765590340559184,441.2795913,19509,48312,ICMP,Botnet
958,5.871030015303809,605.7947276087427,14001,60421,UDP,Botnet
1270,1.6852754070420537,918.7428371353167,20898,26829,UDP,Botnet
1292,6.426117114,362.3318602898813,51955,27167,TCP,Botnet
892,7.593683934900738,725.7438915736271,8698,12898,TCP,Botnet
617,5.0049526459982845,894.4631115685497,51540,28553,ICMP,Botnet
114,5.424094286132404,456.0336778323609,57470,21890,UDP,Botnet
474,9.514834118100245,443.5114907982659,63896,15103,TCP,Botnet
142,8.471826446,602.1567737,30062,50874,ICMP,Botnet
1485,9.142450922998748,591.4476187465459,61710,8267,UDP,Botnet
803,8.137849116907544,806.6086833920443,30339,30896,UDP,Botnet
777,1.0900745001254677,476.5357354399149,4700,10042,ICMP,Botnet
845,1.490769567845977,996.1233373444772,3450,56094,ICMP,Botnet
1369,5.266711348892327,59.56562171039405,58440,50524,TCP,Botnet
137,2.4614505183211843,3.2675317958436674,25497,55550,UDP,Botnet
837,4.767478054936551,640.2342917284678,3986,13124,UDP,Botnet
1398,3.9442588728596837,298.5050688706405,30967,58045,UDP,Botnet
898,5.494592970066104,240.45835046061384,1883,50483,ICMP,Botnet
474,7.469010285642092,311.96789009628003,45840,20824,TCP,Botnet
486,7.155193580085646,256.12196034844385,5162,63614,UDP,Botnet
1371,5.212820090720859,30.886970655481804,36216,64424,ICMP,Botnet
288,8.224111794751764,971.5358890863496,26664,27934,UDP,Botnet
205,4.309190053288796,220.82341390393645,11433,30461,TCP,Botnet
1023,8.967246184111383,734.0563596130473,5041,38612,UDP,Botnet
1398,0.71373142,762.6201350547059,11475,12025,TCP,Botnet
1059,9.54664564,929.2644722674286,63980,47699,TCP,Botnet
581,6.547276121232051,30.646402147670635,29351,20966,UDP,Botnet
798,3.8013650148631157,872.0611336,11302,21886,UDP,Botnet
1169,1.9723441116022005,527.2734582217163,25968,12693,TCP,Botnet
120,4.792353111206556,632.5808555548313,44788,56707,ICMP,Botnet
172,1.9463886735298244,644.5058300933216,58518,54796,TCP,Botnet
836,1.6641497458236783,819.8158252042291,2158,16940,UDP,Botnet
939,6.173900222,333.4739814268946,63967,11902,UDP,Botnet
177,5.231324161093266,733.0778847410074,31155,4009,ICMP,Botnet
223,6.701290250074806,528.6252519112248,55342,33393,TCP,Botnet
1464,9.296129168,793.4146749039172,38911,9136,TCP,Botnet
1393,5.323069873177063,990.5469781668564,39486,42259,TCP,Botnet
824,5.809739600574715,200.73095230202085,61152,19955,UDP,Botnet
1023,0.8971737652102663,994.6491766958419,23544,28364,TCP,Botnet
108,7.176640223300387,89.90317306734572,22893,1360,ICMP,Botnet
585,3.999652162834758,2.4173161500233844,37956,43957,UDP,Botnet
92,9.767275661387126,44.25751998421348,52522,20387,UDP,Botnet
244,8.231916981941007,341.8482265,6063,46560,TCP,Botnet
165,5.225287924120668,632.9430400453663,22305,4992,ICMP,Botnet
82,1.2331033190674883,69.12263793376084,48423,34702,UDP,Botnet
150,8.594298517,5.765247948114313,11466,52172,UDP,Botnet
800,7.998011173144794,937.0973193559489,9276,49424,TCP,Botnet
1246,1.8466667102407928,821.9444432763356,55217,17303,TCP,Botnet
887,2.9534876139138806,809.2022528219171,28610,4153,ICMP,Botnet
134,7.934279174220226,884.4358330744269,54077,39239,TCP,Botnet
1437,1.8530992370275492,700.0642693448272,51513,39921,ICMP,Botnet
939,9.177607139224602,104.49368933510662,18592,6874,UDP,Botnet
399,4.245849724538423,399.1602780549157,21834,21612,ICMP,Botnet
939,0.8713025869139988,723.1771715159831,2575,41238,ICMP,Botnet
320,8.157670686399305,280.4064273454418,13649,12973,ICMP,Botnet
1258,3.7357233207008376,687.4376235,35421,9543,UDP,Botnet
1258,5.265465442343657,24.595998422825588,59695,27399,TCP,Botnet
706,1.1239311397677805,306.2067271455053,51702,34106,UDP,Botnet
132,0.026837564434978874,549.1754232,27273,12761,TCP,Botnet
711,6.380214072727184,632.1266205232916,2385,2158,ICMP,Botnet
100,5.152236528166983,577.0829603954646,27173,11962,ICMP,Botnet
673,5.935792153,697.7865004458222,61054,55052,ICMP,Botnet
1114,7.937644759954783,6.188139365015086,5394,25510,ICMP,Botnet
1466,6.466412528315179,101.03110585752373,6307,49380,ICMP,Botnet
1068,1.7485596548309443,868.9573578539172,8634,27120,TCP,Botnet
643,3.6083644185868877,681.7804692257522,44350,42139,TCP,Botnet
721,9.059005156772816,113.02034952174269,15948,6616,ICMP,Botnet
573,7.6996770578165386,842.0902299548394,48631,19132,UDP,Botnet
1468,5.566813942309237,242.30699470278444,45741,53519,UDP,Botnet
877,2.557194333094914,478.31205820680395,11650,18294,ICMP,Botnet
684,3.0213029578461157,145.28199323337182,35785,28673,TCP,Botnet
272,7.319848718,710.1390454160645,1893,12021,UDP,Botnet
563,8.511891434266856,666.8877355721664,32576,34513,UDP,Botnet
385,6.714575270636614,211.19135991901956,2038,57854,UDP,Botnet
1109,8.095490228,863.4144267803161,11127,10128,ICMP,Botnet
585,7.666794695868861,401.3658936172902,18010,53533,UDP,Botnet
1141,1.4978899756016204,292.58583956163477,45805,1894,UDP,Botnet
1136,4.240024184320108,152.41435650558898,31495,29708,UDP,Botnet
833,1.530685024484798,266.24139571428594,34482,40543,UDP,Botnet
288,2.3531206124350463,22.124718531694615,26093,50673,TCP,Botnet
86,8.692726986885875,583.2991667,17897,35548,ICMP,Botnet
1184,4.729446764366189,842.2465232693135,24272,31981,ICMP,Botnet
253,5.354045660324767,549.0255513966977,24648,34909,TCP,Botnet
278,1.7852812063124934,219.35203452768332,44540,45393,TCP,Botnet
1119,3.1234055887019117,33.76581129605133,30085,36620,ICMP,Botnet
389,2.3032314381102714,214.70661045147696,25194,30890,UDP,Botnet
146,2.0626554590197457,416.1798159282852,9048,31700,UDP,Botnet
870,6.379969972366386,759.6354675569265,17702,65117,ICMP,Botnet
87,2.5695815926095023,187.92406825252033,39280,48788,UDP,Botnet
376,6.320522844718165,719.8194742093506,21435,51823,TCP,Botnet
1089,0.5854876864714306,866.9467750050485,44827,14902,UDP,Botnet
843,1.4186021608774915,454.00145342354625,20320,40784,UDP,Botnet
1320,2.746127999747254,821.4498484,27317,28583,UDP,Botnet
47,5.970872122040022,554.7018823002921,28196,47570,ICMP,Botnet
664,6.758736609628673,637.1271279971969,22152,7795,TCP,Botnet
1316,4.427726950828492,526.3258324921688,19281,17550,UDP,Botnet
758,4.458463354857713,463.2263994796666,13879,30920,ICMP,Botnet
342,7.2454439971347835,234.72997643167176,20666,32947,UDP,Botnet
678,0.15919509656405884,303.26374005509996,65364,52937,TCP,Botnet
95,3.411559154717731,290.04112193171466,36609,37227,UDP,Botnet
765,8.187251864135208,563.3326020607193,58812,40414,TCP,Botnet
565,6.032590882723509,120.04169765458752,21049,13876,UDP,Botnet
513,3.3729341004214484,916.8000115332649,5482,48598,TCP,Botnet
67,9.055342399,720.6830798,64634,44415,UDP,Botnet
117,7.726454651766376,401.50548635010233,6331,64179,TCP,Botnet
1279,2.6496895769200974,158.7082821119253,42725,57245,UDP,Botnet
1449,6.453253085419644,882.0039705046637,19449,54688,UDP,Botnet
404,5.957911531161378,823.7957122921551,50855,2872,ICMP,Botnet
705,4.0124779524757885,721.7493805619076,44451,32051,ICMP,Botnet
565,3.670193835968802,271.6198927065013,29297,36488,TCP,Botnet
738,3.436261187282264,402.5063927699256,39530,35509,UDP,Botnet
1375,6.1719406781730735,102.8379776271781,6692,63854,TCP,Botnet
922,4.424656954870215,189.12062077505894,26958,20480,ICMP,Botnet
1070,8.318799269,783.0383356530012,48219,10283,TCP,Botnet
1066,6.696356558723486,715.0672149787988,8721,36578,TCP,Botnet
958,0.7002461254886319,593.5264143996371,25441,47946,ICMP,Botnet
789,6.402042070057833,895.7371532535802,17470,14433,UDP,Botnet
402,2.7122032175653477,583.3081911612641,41621,4815,TCP,Botnet
1337,5.9285271045425745,467.0213031636144,11775,26888,ICMP,Botnet
845,6.801639179103411,340.4367092311321,47242,37663,UDP,Botnet
778,2.309061062350967,940.4544608855989,62137,35598,ICMP,Botnet
1078,4.5691295901588065,82.80718997820105,8376,64651,TCP,Botnet
1255,1.9040583033278589,930.8942833236023,14540,18912,UDP,Botnet
524,0.5243364189892966,826.7319884650252,24323,20716,UDP,Botnet
67,3.785385758435205,130.01693154324772,32981,24525,ICMP,Botnet
753,3.630079774188074,565.0278592,29951,14328,ICMP,Botnet
1102,9.954809426551867,866.561327,42118,55224,ICMP,Botnet
1336,4.464077159625225,571.8519827,37436,28551,UDP,Botnet
1294,3.336361925172532,907.2091015784662,55146,58439,UDP,Botnet
125,5.805169592160031,942.9895184343609,30517,19098,TCP,Botnet
165,0.8885851736835769,422.44228373208745,27735,16573,UDP,Botnet
851,9.616695693812177,377.37593,9027,30987,TCP,Botnet
576,6.349965495864741,936.3275218537599,32731,26944,ICMP,Botnet
184,7.548623361588538,675.1725471435531,4302,31850,ICMP,Botnet
1275,1.7056089038010014,116.11107908003446,8320,37095,UDP,Botnet
64,4.095369052199034,42.387520047758926,26422,53289,ICMP,Botnet
1457,4.227468444848499,564.6725880921634,36866,17085,ICMP,Botnet
106,8.218242632566968,930.1779483418808,14285,59250,UDP,Botnet
272,0.013365560914335016,844.2642775355778,12197,29834,TCP,Botnet
148,3.0092302304241976,675.8801617,31473,61030,UDP,Botnet
1209,9.812382507068694,139.2019373061984,42104,58026,TCP,Botnet
150,4.749390549,254.3059606103207,57728,48990,UDP,Botnet
267,3.8258802761598387,875.5236754299609,2661,23824,UDP,Botnet
150,1.1991701911744457,182.88895593323477,32805,51680,ICMP,Botnet
73,9.741672121651527,278.5115643096095,14676,44447,UDP,Botnet
662,0.20124353290231886,129.6876911303224,6127,60921,UDP,Botnet
1432,7.372065069847425,676.1406205912697,26524,42716,TCP,Botnet
787,7.686229448080296,943.9879071326733,50820,10964,ICMP,Botnet
634,2.4373235039226024,269.04113479222644,35824,4948,TCP,Botnet
464,6.715912877686761,475.4590671892887,36553,58791,TCP,Botnet
652,0.930198515,634.3763057372331,48987,29078,ICMP,Botnet
731,2.5712156170543667,999.4663015908092,19476,10807,ICMP,Botnet
1345,7.8792319809343585,104.89758419107235,50417,38277,ICMP,Botnet
1383,8.646997234143369,498.6209424257586,32198,46421,UDP,Botnet
354,6.085255640185254,385.18160789050984,65474,14257,ICMP,Botnet
916,5.068877479773006,865.8335832,36460,46693,ICMP,Botnet
1440,1.593880902169184,476.02013423855476,48430,25508,ICMP,Botnet
1352,0.6320272217584225,111.06642683268957,64083,26092,TCP,Botnet
701,1.1773726357071126,634.4607029,16978,1215,TCP,Botnet
316,2.2743456436608915,770.8035402020533,18210,26098,UDP,Botnet
663,3.4174033444673113,2.9809635404480312,55235,5941,TCP,Botnet
555,3.809714345584361,858.9707897520875,13380,39623,UDP,Botnet
1413,3.4638713641214465,186.10439770566506,63616,26856,TCP,Botnet
882,2.391314266640459,552.1141577169126,33987,43952,ICMP,Botnet
389,5.097732743,415.8559209373814,3211,21730,TCP,Botnet
862,8.253035796220736,719.6818512288694,12731,14706,UDP,Botnet
1200,2.7977556811763207,371.2244986242633,36122,27786,TCP,Botnet
798,9.423927804,869.7762003640426,27959,24407,ICMP,Botnet
938,8.733493280576754,730.5233113226943,22249,59184,UDP,Botnet
282,1.618480349309744,647.7483997458152,4630,28820,ICMP,Botnet
582,7.862973291614189,796.2609715,64152,24690,ICMP,Botnet
1103,5.746299235795349,754.0476326248895,58644,59841,UDP,Botnet
268,5.6661870463520145,36.03508105406118,33852,26686,ICMP,Botnet
587,3.9110365878186863,394.7948804094437,61758,46183,ICMP,Botnet
959,5.012028838820916,930.8142165867582,27513,35666,TCP,Botnet
1286,3.9723905955146814,125.81169656532698,15411,42854,ICMP,Botnet
45,5.397786454980669,737.1228408,4951,38555,ICMP,Botnet
1385,6.279872577673586,974.5943521541961,7320,11258,ICMP,Botnet
507,6.743363760284076,52.29340918206714,31468,58640,ICMP,Botnet
114,5.325279444401703,682.2256612385478,47414,10245,UDP,Botnet
43,7.214499251219989,468.2073258869003,47917,12434,TCP,Botnet
685,1.4136392147057826,579.2173378491847,3615,15543,ICMP,Botnet
157,2.120612926531483,85.43280235067641,58934,62437,ICMP,Botnet
920,8.187531305738627,43.10265117175279,45919,2075,UDP,Botnet
543,3.2259572504863057,666.8999738848667,49540,46017,ICMP,Botnet
986,0.22991535593622636,823.3270988777358,27171,10789,UDP,Botnet
613,1.538757705530643,782.0371334,63085,12406,TCP,Botnet
233,2.2369207305286163,543.8513472934508,39913,13604,TCP,Botnet
886,9.573271556057977,99.95683445406455,2224,57714,ICMP,Botnet
754,5.730841247879563,688.0756393916303,16745,57587,ICMP,Botnet
1455,9.327374674022073,241.96469466579052,62777,33347,ICMP,Botnet
1089,5.752058341615753,911.0775958971069,20262,45781,UDP,Botnet
1498,4.794065047,838.2815330097503,12111,61657,ICMP,Botnet
212,3.1379631842497666,709.4120287906821,31840,56496,ICMP,Botnet
1363,6.064103073389323,948.8510712355472,24432,12963,TCP,Botnet
365,1.3928410481506808,31.518679329121802,59604,52281,ICMP,Botnet
1473,8.982718011299767,736.226805,40764,30988,TCP,Botnet
1181,8.293494719007695,330.3097550584717,1160,1331,ICMP,Botnet
